"lunch","total math_score","total reading_score","total writing_score","sum"
"free/reduced","58.9211267605633803","64.6535211267605634","63.0225352112676056","66242"
"standard","70.0341085271317829","71.6542635658914729","70.8232558139534884","137070"
